id,nombre,categoria_padre_id,id_origen_wizpos
1,MATERIALES,17,1
2,SERVICIO DE CONSTRUCCIÓN,16,2
3,HERRAMIENTAS,17,3
4,MOLDES,14,4
5,HARDENER SUPERSTONE,14,5
6,RELEASE SUPERSTONE,14,6
7,PULIDO/DISCOS,17,7
8,COLOR HARDENER CS NUEVO,14,8
9,COLOR RELEASE CS NUEVO,14,9
10,ZOCALOS,17,10
11,COLORANTE LIQUIDO,17,11
12,SELLADORES,14,12
13,MICROCEMENTO,18,13
14,ESTAMPADO,,14
16,SERVICIOS,,16
17,OTROS,,17
18,MICROCEMENTO,,18
19,ALQUILER Y MOLDES USADOS,14,19
21,RESINAS,,21
22,BAUMERK,,22
