nombre,rtn,direccion,telefono,correo
ANGEL TURCIOS,08011976115813,,,
ANTARES Y ASOCIADOS S DE R.L DE C.V.,05029014645575,,,
BOOC S de RL,05019016891301,,,
CINPRO,05019019158332,,,
CLINICAS MELENDEZ S. DE R.L.,05019022450080,,,
"COMPAÑÍA AVÍCOLA DE CENTRO AMÉRICA, S. DE R. L. (CADECA)",18019003259634,Santa Cruz de Yojoa,,
CONATLA,05019005013728,,,
CONSTRUCION COMERCIAL VILLA,03181989017003,,,
CONSTRUCTORA BETEL,05019020215952,,,
CONSTRUCTORA INGENIUM S. DE R.L.,08019018064932,LA PAZ,,
CONSTRUCTORA OMAR ABUFFELE S DE R.L DE C.V.,05019025271305,,,
CONSTRUCTORA ROMERO Y ASOCIADOS,05019019129794,,,
CONSTRUDECO,16011987007637,,,
CONSTRUYAA,08019020189883,,,
CONSTRUYE S.A. DE C.V.,04019019131787,SANTA ROSA DE COPAN,,
CORPORACION MARSELLA,05019015725941,,,
CORUMO INTERNACIONAL S DE RL DE CV,05019995166090,SAN PEDRO SULA,,
DECORACIONES GALLO,15011969005833,,,
DISTRIBUIDORA DE MATERIALES S DE RL DE CV.,05119998390898,SAN PEDRO SULA,,
EDCOMS,05019010311398,,,
EDWAR SANCHEZ,01011980021663,,,
FINOS TEXTILES DE CENTROAMERICA SA,05019002073566,ZIP CHOLOMA II CARRETERA A LA JUTOSA,26269000 / 26269001,ssist_supplies@finotex.com
GENERAL CONCRETE SERVICES S.A. DE C.V.,08019002264290,,,
Grupo Aec SA DE CV,18049003003713,,,
GRUPO ALPES,08019002277587,,,
GRUPO ARQUITECTOS G+A,05019012490909,,,
GRUPO CLEMAR,16189026308899,,,
GUILLERMO MILLA,05011953038385,,,
HONDURAS KITTING S.A.,05119024115339,"21000 VILLANUEVA, CORTES",,
HORMIGON S DE RL,05019001048659,San Pedro Sula,25659424 / 31909939,ventas@diserco.hn
IGLESIA DE CRISTO MANAHAIM,05019007080003,,,
INCOPRO,05019020239596,,,
INDEMOSA,05019010300206,PLAZA MODERNA - SAN PEDRO SULA,,
"INDUSTRIAS PANAVISION, S.A DE C.V",05019995136860,"SAN PEDRO SULA, CORTES",,
INGENIERIA H.S. DE R.L.,05019015734781,San Pedro Sula,,
INNOVATIVE CONSTRUCTIVE SOLUTIONS,05019019120234,ROATAN,,
"INVERSIONES AMALGAMADAS, S. DE R.L. DE C.V.",05019001047849,"Km 5, Carretera a Puerto Cortés, Choloma",,
Inversiones en Infraestructura S. de R.L,08019014633598,,,
INVERSIONES FROSTY,05019995121610,,,
INVERSIONES LIMPIEX,05019023540412,,,
INVERSIONES MILANO S. DE R.L.,05019022437491,SAN PEDRO SULA,31291-2727,GERENCIA@DISERCO.HN
"INVERSIONES NAIFRESH, S. DE R.L. DE C.V.",05019023550990,,,
INVERSIONES RAMOS MURILLO,18011977006468,,,
INVERSIONES VILLA RIO,05019019157625,,,
Inversiones y Exportadora Jamastran S de R.L.,08019014692926,,,
INVERSIONES Y SERVICIOS JAMS S DE R.L,05019019167070,San Pedro Sula,,ventas@diserco.hn
Jardines y Piscinas,08019995372489,TEGUCIGALPA,,
JORGE LEMUS,10161986004620,,,
JUAN CARLOS MEDINA,11011978001154,,,
Kevin Martinez,05011977006744,,,
KEYNY DENILSON VALLE REYES,14121992000295,,,
LAZARUS Y LAZARUS,05019995159167,,,
LIMA TRADE COMPANY,05019018077760,,,
LUJAN S.A.,05019005483690,,,
Marbin Lopez,05101983007733,San Pedro Sula,,
MARCO TULIO GAMEZ BANEGAS,05011988064626,,,
MEGA OFERTAS,05011985129843,,,
MIGUEL SAMUEL ARGUETA,18041985000788,,,
NG INGENIERIA,05011993036650,San Luis Santa Barbara,,
NG INGENIERIA CONSTRUCCIONES,05119024109981,,,
OSTEN CONNER HAMILTON,11011992002760,,,
"PALMEROLA INTERNATIONAL AIRPORT, S.A DE C.V.",08019016815992,"Kilometro 6 Carretera CA-5, Frente Alimentos Maravilla",+504 9467-2123,
PISCINAS ABZUS,18031993007904,,,
PISOS INDUSTRIALES,05019023558827,,,
PLATINUM APPAREL S.A DE C.V.,05019002059950,,,
POLICLINICA HONDUREÑA S DE R L,05019995118075,SAN PEDRO SULA,,
PROQUIN,05019015721440,,,
PROYECTOS DE HONDURAS,05069024586992,,,
PUERTOS DE CRUCEROS Y MARINA,11019006018501,,,
PURATOS DE HONDURAS,18049995000492,,,
RAFAEL HUMBERTO PENA DUBON,14011972005203,,,
REMACO GA S. DE R.L.,05119026405639,,,
RLA MANUFACTURING S. DE R.L.,05019004014454,25 KM. CARRETERA A LA JUTOSA,,GERENCIA@DISERCO.HN
ROBERTO RODRIGUEZ,05011982048084,,,
Roger Hernandez Argueta,13131966004702,,,
SAN JOSE EDIFICA,05019019126183,,,
SERMART,18071970002787,"TOCOA, COLON",99905265,
SEYER S DE RL,08019012507123,,,
SILSA,08019009210612,TEGUCIGALPA,3292-9223,
SMG COMERCIAL,05019005474908,SAN PEDRO SULA,+504 9870-4585,
SOCIEDAD TURISTICA DEL VALLE,08019002026270,COMAYAGUA,9430-0465,
SOLINFRAC,05019014675067,,,
STGONZLA S. DE R.L.,08019021284071,,,
SUPERIOR GLOVE WORKS HONDURAS S.A.,05019018002580,"PARQUE INDUSTRIAL ZIP BUFALO, EDIFICIO #4",,ventas@diserco.hn
TRANSPORTE ILANGUEÑO,05069998173521,,,
WILLIANS ARMANDO INESTROZA LARA,05011987000443,,,
\CINSTRUCCIONES MENDES,05101975001071,,,
